id,d13C,d15n,photo,id,coll.number,NCRS.code,family,growth.habit,duration,group,n.fixer,pft
2020eco_Bell_i_01,-13.63,7.51,c4,,,,Poaceae,graminoid,perennial,monocot,no,c4_graminoid
2020eco_Bell_i_02,-14.14,5.38,c4,,,,Poaceae,graminoid,perennial,monocot,no,c4_graminoid
2020eco_Bell_i_03,-13.91,2.03,c4,,,,Poaceae,graminoid,perennial,monocot,no,c4_graminoid
2020eco_Bell_i_04,-13.76,7.11,c4,,,,Poaceae,graminoid,perennial,monocot,no,c4_graminoid
2020eco_Bell_i_05,-28.99,-0.99,c3,Prosopis glandulosa,PRGL2,PRGL2,Fabaceae,shrub,perennial,dicot,yes,legume
2020eco_Bell_i_06,-28.9,-0.42,c3,Prosopis glandulosa,PRGL2,PRGL2,Fabaceae,shrub,perennial,dicot,yes,legume
2020eco_Bell_i_07,-27.18,-0.95,c3,Prosopis glandulosa,PRGL2,PRGL2,Fabaceae,shrub,perennial,dicot,yes,legume
2020eco_Bell_i_08,-14.32,1.9,c4,Sorghum hapepense L.,SOHA,SOHA,Poaceae,graminoid,perennial,monocot,no,c4_graminoid
2020eco_Bell_i_09,-19.86,1.33,c4,Sorghum hapepense L.,SOHA,SOHA,Poaceae,graminoid,perennial,monocot,no,c4_graminoid
2020eco_Bexar_i_01,-26.72,1.71,c3,Ratibida peduncularis,RAPE3,RAPE3,Asteraceae,forb,perennial,dicot,no,c3_forb
2020eco_Bexar_i_02,-28.03,1.12,c3,Ratibida peduncularis,RAPE3,RAPE3,Asteraceae,forb,perennial,dicot,no,c3_forb
2020eco_Bexar_i_03,-27.18,1.84,c3,Ratibida peduncularis,RAPE3,RAPE3,Asteraceae,forb,perennial,dicot,no,c3_forb
2020eco_Bexar_i_04,-29.77,-0.02,c3,,2,,,forb,,dicot,no,c3_forb
2020eco_Bexar_i_05,-31.02,0.49,c3,,2,,,forb,,dicot,no,c3_forb
2020eco_Bexar_i_06,-30.18,0.29,c3,,2,,,forb,,dicot,no,c3_forb
2020eco_Bexar_i_07,-13.25,1.46,c4,Sorghum hapepense L.,SOHA,SOHA,Poaceae,graminoid,perennial,monocot,no,c4_graminoid
2020eco_Bexar_i_08,-13.39,1.7,c4,Sorghum hapepense L.,SOHA,SOHA,Poaceae,graminoid,perennial,monocot,no,c4_graminoid
2020eco_Bexar_i_09,-13.14,1.47,c4,Sorghum hapepense L.,SOHA,SOHA,Poaceae,graminoid,perennial,monocot,no,c4_graminoid
2020eco_Bexar_i_10,-28.92,-0.13,c3,Prosopis glandulosa,PRGL2,PRGL2,Fabaceae,shrub,perennial,dicot,yes,legume
2020eco_Bexar_i_11,-29.77,-0.23,c3,Prosopis glandulosa,PRGL2,PRGL2,Fabaceae,shrub,perennial,dicot,yes,legume
2020eco_Bexar_i_12,-26.52,1.57,c3,Prosopis glandulosa,PRGL2,PRGL2,Fabaceae,shrub,perennial,dicot,yes,legume
2020eco_Bexar_i_13,-30.89,-1.34,c3,Ratibida peduncularis,RAPE3,RAPE3,Asteraceae,forb,perennial,dicot,no,c3_forb
2020eco_Bexar_i_14,-30.79,-1.55,c3,Ratibida peduncularis,RAPE3,RAPE3,Asteraceae,forb,perennial,dicot,no,c3_forb
2020eco_Bexar_i_15,,,c3,Ratibida peduncularis,RAPE3,RAPE3,Asteraceae,forb,perennial,dicot,no,c3_forb
2020eco_Bexar_p_1a,-28.31,1.4,c3,Ratibida peduncularis,RAPE3,RAPE3,Asteraceae,forb,perennial,dicot,no,c3_forb
2020eco_Bexar_p_1b,-29.06,8.05,c3,,,,,forb,,dicot,no,c3_forb
2020eco_Bexar_p_1c,-28.69,0.69,c3,Prosopis glandulosa,PRGL2,PRGL2,Fabaceae,shrub,perennial,dicot,yes,legume
2020eco_Bexar_p_1d,-28.73,1.48,c3,Ambrosia artemisiifolia L.,AMAR2,AMAR2,Asteraceae,forb,annual,dicot,no,c3_forb
2020eco_Bexar_p_2a,-28.72,-0.61,c3,Ratibida peduncularis,RAPE3,RAPE3,Asteraceae,forb,perennial,dicot,no,c3_forb
2020eco_Bexar_p_2b,-26.55,3.62,c3,,,,,forb,,dicot,,c3_forb
2020eco_Bexar_p_2c,-29.91,-0.67,c3,,,,Euphorbiaceae,forb,annual,dicot,no,c3_forb
2020eco_Bexar_p_2d,-29.29,1.48,c3,Ambrosia artemisiifolia L.,AMAR2,AMAR2,Asteraceae,forb,annual,dicot,no,c3_forb
2020eco_Bexar_p_3a,-28.95,0.63,c3,Ambrosia artemisiifolia L.,AMAR2,AMAR2,Asteraceae,forb,annual,dicot,no,c3_forb
2020eco_Bexar_p_4a,-29.64,-0.71,c3,,,,Euphorbiaceae,forb,annual,dicot,no,c3_forb
2020eco_Bexar_p_4b,-29.96,1.73,c3,Solanum elaeagnifolium,SOEL,SOEL,Solanaceae,forb,perennial,dicot,no,c3_forb
2020eco_Bexar_p_4c,-28.46,-0.23,c3,Ambrosia artemisiifolia L.,AMAR2,AMAR2,Asteraceae,forb,annual,dicot,no,c3_forb
2020eco_Bexar_p_mes,-27.84,-0.38,c3,Prosopis glandulosa,PRGL2,PRGL2,Fabaceae,shrub,perennial,dicot,yes,legume
2020eco_Blanco_i_01,-29.95,0.28,c3,Wedelia acapulcensis,WEAC,WEAC,Asteraceae,shrub,perennial,dicot,no,c3_shrub
2020eco_Blanco_i_02,-29.11,-0.27,c3,Wedelia acapulcensis,WEAC,WEAC,Asteraceae,shrub,perennial,dicot,no,c3_shrub
2020eco_Blanco_i_03,-29.03,0.13,c3,Wedelia acapulcensis,WEAC,WEAC,Asteraceae,shrub,perennial,dicot,no,c3_shrub
2020eco_Blanco_i_04,-26.8,-0.23,c3,Stillingia texana,STTE3,STTE3,Euphorbiaceae,forb,perennial,dicot,no,c3_forb
2020eco_Blanco_i_05,-27.68,1.28,c3,Stillingia texana,STTE3,STTE3,Euphorbiaceae,forb,perennial,dicot,no,c3_forb
2020eco_Blanco_i_06,-27.4,-0.5,c3,Stillingia texana,STTE3,STTE3,Euphorbiaceae,forb,perennial,dicot,no,c3_forb
2020eco_Blanco_i_07,-28.92,-0.68,c3,Heliotropium tenellum,HETE3,HETE3,Boraginaceae,forb,annual,dicot,no,c3_forb
2020eco_Blanco_i_08,-29.12,-0.51,c3,Heliotropium tenellum,HETE3,HETE3,Boraginaceae,forb,annual,dicot,no,c3_forb
2020eco_Blanco_i_09,-29.15,-1.46,c3,Heliotropium tenellum,HETE3,HETE3,Boraginaceae,forb,annual,dicot,no,c3_forb
2020eco_Blanco_i_10,-12.6,0.63,c4,Cynodon dactylon,CYDA,CYDA,Poaceae,graminoid,perennial,monocot,no,c4_graminoid
2020eco_Blanco_i_11,-12.93,1.5,c4,Bothriochloa saccaroides,BOSA,BOSA,Poaceae,graminoid,perennial,monocot,no,c4_graminoid
2020eco_Blanco_i_12,-13.37,0.7,c4,Bothriochloa saccaroides,BOSA,BOSA,Poaceae,graminoid,perennial,monocot,no,c4_graminoid
2020eco_Blanco_i_13,-13.17,1.03,c4,Bothriochloa saccaroides,BOSA,BOSA,Poaceae,graminoid,perennial,monocot,no,c4_graminoid
2020eco_Blanco_i_14,-13.62,0.05,c4,Cynodon dactylon,CYDA,CYDA,Poaceae,graminoid,perennial,monocot,no,c4_graminoid
2020eco_Blanco_i_15,-12.61,-0.07,c4,Cynodon dactylon,CYDA,CYDA,Poaceae,graminoid,perennial,monocot,no,c4_graminoid
2020eco_Brazos18_i_01,-14.03,3.36,c4,Sorghum hapepense L.,SOHA,SOHA,Poaceae,graminoid,perennial,monocot,no,c4_graminoid
2020eco_Brazos18_i_02,-13.18,0.77,c4,Sorghum hapepense L.,SOHA,SOHA,Poaceae,graminoid,perennial,monocot,no,c4_graminoid
2020eco_Brazos18_i_03,-13.6,1.16,c4,Sorghum hapepense L.,SOHA,SOHA,Poaceae,graminoid,perennial,monocot,no,c4_graminoid
2020eco_Brazos18_i_04,-29.76,8.38,c3,Solanum elaeagnifolium,SOEL,SOEL,Solanaceae,forb,perennial,dicot,no,c3_forb
2020eco_Brazos18_i_05,-28.77,5.41,c3,Solanum elaeagnifolium,SOEL,SOEL,Solanaceae,forb,perennial,dicot,no,c3_forb
2020eco_Brazos18_i_06,-30.09,8.22,c3,Solanum elaeagnifolium,SOEL,SOEL,Solanaceae,forb,perennial,dicot,no,c3_forb
2020eco_Brazos18_i_07,-13.52,-0.06,c4,Sorghum hapepense L.,SOHA,SOHA,Poaceae,graminoid,perennial,monocot,no,c4_graminoid
2020eco_Brazos18_i_08,-13,-1.76,c4,Sorghum hapepense L.,SOHA,SOHA,Poaceae,graminoid,perennial,monocot,no,c4_graminoid
2020eco_Brazos18_i_09,-13.07,-1.39,c4,Sorghum hapepense L.,SOHA,SOHA,Poaceae,graminoid,perennial,monocot,no,c4_graminoid
2020eco_Brazos18_i_10,-31.16,-3.29,c3,,,,,shrub,perennial,dicot,no,c3_shrub
2020eco_Brazos18_i_11,-32.3,-6.59,c3,,,,,shrub,perennial,dicot,no,c3_shrub
2020eco_Brazos18_i_12,-31.02,-3.96,c3,,,,,shrub,perennial,dicot,no,c3_shrub
2020eco_Brazos18_i_13,-31.5,-2.63,c3,,,,,forb,,dicot,,c3_forb
2020eco_Brazos18_i_14,-32.1,-0.24,c3,,,,,forb,,dicot,,c3_forb
2020eco_Brazos18_i_15,-31.96,-1.58,c3,,,,,forb,,dicot,,c3_forb
2020eco_Comal_i_01,-13.19,-0.9,c4,Carex planostachys,CAPL3,CAPL3,Cyperaceae,graminoid,perennial,monocot,no,c4_graminoid
2020eco_Comal_i_02,-13.19,0.02,c4,Carex planostachys,CAPL3,CAPL3,Cyperaceae,graminoid,perennial,monocot,no,c4_graminoid
2020eco_Comal_i_03,-13.06,2.04,c4,Carex planostachys,CAPL3,CAPL3,Cyperaceae,graminoid,perennial,monocot,no,c4_graminoid
2020eco_Comal_i_04,-29.49,-0.58,c3,Baccaris salicina,BASA,BASA,Asteraceae,shrub,perennial,dicot,no,c3_shrub
2020eco_Comal_i_05,-30.2,0.22,c3,Baccaris salicina,BASA,BASA,Asteraceae,shrub,perennial,dicot,no,c3_shrub
2020eco_Comal_i_06,-29.56,-2.23,c3,Baccaris salicina,BASA,BASA,Asteraceae,shrub,perennial,dicot,no,c3_shrub
2020eco_Comal_i_07,-12.96,-1.05,c4,Bothriochloa ischaemum var. songarica,BOISS,BOISS,Poaceae,graminoid,perennial,monocot,no,c4_graminoid
2020eco_Comal_i_08,-13.49,0.32,c4,Bothriochloa ischaemum var. songarica,BOISS,BOISS,Poaceae,graminoid,perennial,monocot,no,c4_graminoid
2020eco_Comal_i_09,-13.35,-0.92,c4,Bothriochloa ischaemum var. songarica,BOISS,BOISS,Poaceae,graminoid,perennial,monocot,no,c4_graminoid
2020eco_Comal_i_10,-27.2,1.02,c3,Dasylirion texanum,DATE3,DATE3,Liliaceae,shrub,perennial,monocot,no,c3_shrub
2020eco_Comal_i_11,-29.55,-0.33,c3,Dasylirion texanum,DATE3,DATE3,Liliaceae,shrub,perennial,monocot,no,c3_shrub
2020eco_Comal_i_12,-29.6,-2.1,c3,Dasylirion texanum,DATE3,DATE3,Liliaceae,shrub,perennial,monocot,no,c3_shrub
2020eco_Comal_i_13,-31.32,-0.06,c3,Ratibida peduncularis,RAPE3,RAPE3,Asteraceae,forb,perennial,dicot,no,c3_forb
2020eco_Comal_i_14,-30.11,0.29,c3,Ratibida peduncularis,RAPE3,RAPE3,Asteraceae,forb,perennial,dicot,no,c3_forb
2020eco_Comal_i_15,-30.64,0.09,c3,Ratibida peduncularis,RAPE3,RAPE3,Asteraceae,forb,perennial,dicot,no,c3_forb
2020eco_Edwards_i_01,-19.48,-0.39,c4,Schizachyrium spp.,SCHIZ4,SCHIZ4,Poaceae,graminoid,perennial,monocot,no,c4_graminoid
2020eco_Edwards_i_02,-13.96,0.31,c4,Schizachyrium spp.,SCHIZ4,SCHIZ4,Poaceae,graminoid,perennial,monocot,no,c4_graminoid
2020eco_Edwards_i_03,-15.91,-0.55,c4,Schizachyrium spp.,SCHIZ4,SCHIZ4,Poaceae,graminoid,perennial,monocot,no,c4_graminoid
2020eco_Edwards_i_04,-29.05,0.87,c3,Quercus havardii,QUHA3,QUHA3,Fagaceae,shrub,perennial,dicot,no,c3_shrub
2020eco_Edwards_i_05,-29.37,0.71,c3,Quercus havardii,QUHA3,QUHA3,Fagaceae,shrub,perennial,dicot,no,c3_shrub
2020eco_Edwards_i_06,-29.76,1.16,c3,Quercus havardii,QUHA3,QUHA3,Fagaceae,shrub,perennial,dicot,no,c3_shrub
2020eco_Edwards_i_07,-27.8,0.93,c3,,,,Asteraceae,forb,perennial,dicot,no,c3_forb
2020eco_Edwards_i_08,-18.59,0.4,c4,Schizachyrium spp.,SCHIZ4,SCHIZ4,Poaceae,graminoid,perennial,monocot,no,c4_graminoid
2020eco_Edwards_i_09,-30.33,-0.08,c3,Chamaesyce fendleri,CHFE3,CHFE3,Euphorbiaceae,forb,perrenial,dicot,no,c3_forb
2020eco_Edwards_i_10,-27.72,4.39,c3,Nassella leucotricha,NALE3,NALE3,Poaceae,graminoid,perrenial,monocot,no,c3_graminoid
2020eco_Edwards_i_11,-26.96,1.11,c3,Nassella leucotricha,NALE3,NALE3,Poaceae,graminoid,perrenial,monocot,no,c3_graminoid
2020eco_Edwards_i_12,-29.91,-1.72,c3,Chamaesyce fendleri,CHFE3,CHFE3,Euphorbiaceae,forb,perrenial,dicot,no,c3_forb
2020eco_Fayette_i_01,-30.73,-2.78,c3,Ambrosia artemisiifolia L.,AMAR2,AMAR2,Asteraceae,forb,annual,dicot,no,c3_forb
2020eco_Fayette_i_02,-31.7,-2.34,c3,Ambrosia artemisiifolia L.,AMAR2,AMAR2,Asteraceae,forb,annual,dicot,no,c3_forb
2020eco_Fayette_i_03,-32.67,-1.89,c3,Ambrosia artemisiifolia L.,AMAR2,AMAR2,Asteraceae,forb,annual,dicot,no,c3_forb
2020eco_Fayette_i_04,-28.47,-0.52,c3,,,,,forb,,dicot,no,c3_forb
2020eco_Fayette_i_06,-32.03,-0.98,c3,,,,,forb,,dicot,no,c3_forb
2020eco_Fayette_i_07,-26.85,-3.11,c3,Carya texana,CATE9,CATE9,Juglandaceae,tree,perennial,dicot,no,c3_tree
2020eco_Fayette_i_08,-27.7,-2.6,c3,Carya texana,CATE9,CATE9,Juglandaceae,tree,perennial,dicot,no,c3_tree
2020eco_Fayette_i_09,-27.86,-2.54,c3,Carya texana,CATE9,CATE9,Juglandaceae,tree,perennial,dicot,no,c3_tree
2020eco_Fayette_i_10,-29,-3.88,c3,Quercus marilandica,QUMA3,QUMA3,Fagaceae,tree,perennial,dicot,no,c3_tree
2020eco_Fayette_i_11,-28.17,-3.71,c3,Quercus marilandica,QUMA3,QUMA3,Fagaceae,tree,perennial,dicot,no,c3_tree
2020eco_Fayette_i_12,-28.7,-3.96,c3,Quercus marilandica,QUMA3,QUMA3,Fagaceae,tree,perennial,dicot,no,c3_tree
2020eco_Fayette_i_13,-29.76,-2.1,c3,,,,,shrub,perennial,dicot,no,c3_shrub
2020eco_Fayette_i_14,-29.3,-1.42,c3,,,,,shrub,perennial,dicot,no,c3_shrub
2020eco_Fayette_i_15,-29.93,-1.89,c3,,,,,shrub,perennial,dicot,no,c3_shrub
2020eco_Harris_i_01,-30.4,-1.15,c3,Prosopis glandulosa,PRGL2,PRGL2,Fabaceae,shrub,perennial,dicot,yes,legume
2020eco_Harris_i_02,-27.75,-0.54,c3,Prosopis glandulosa,PRGL2,PRGL2,Fabaceae,shrub,perennial,dicot,yes,legume
2020eco_Harris_i_03,-26.9,0.2,c3,Prosopis glandulosa,PRGL2,PRGL2,Fabaceae,shrub,perennial,dicot,yes,legume
2020eco_Harris_i_04,-13.22,-1.14,c4,Sorghum hapepense L.,SOHA,SOHA,Poaceae,graminoid,perennial,monocot,no,c4_graminoid
2020eco_Harris_i_05,-13.18,0.2,c4,Sorghum hapepense L.,SOHA,SOHA,Poaceae,graminoid,perennial,monocot,no,c4_graminoid
2020eco_Harris_i_06,-13.08,0.37,c4,Sorghum hapepense L.,SOHA,SOHA,Poaceae,graminoid,perennial,monocot,no,c4_graminoid
2020eco_Harris_i_07,-31.07,8.7,c3,Ambrosia artemisiifolia L.,AMAR2,AMAR2,Asteraceae,forb,annual,dicot,no,c3_forb
2020eco_Harris_i_08,-30.41,8.58,c3,Ambrosia artemisiifolia L.,AMAR2,AMAR2,Asteraceae,forb,annual,dicot,no,c3_forb
2020eco_Harris_i_09,-30.89,5.74,c3,Ambrosia artemisiifolia L.,AMAR2,AMAR2,Asteraceae,forb,annual,dicot,no,c3_forb
2020eco_Harris_i_10,-31.59,10.06,c3,Helianthus annuus L.,HEAN 3,HEAN 3,Asteraceae,forb,annual,dicot,no,c3_forb
2020eco_Harris_i_11,-30.87,9.88,c3,Helianthus annuus L.,HEAN 3,HEAN 3,Asteraceae,forb,annual,dicot,no,c3_forb
2020eco_Harris_i_12,-31.47,10.45,c3,Helianthus annuus L.,HEAN 3,HEAN 3,Asteraceae,forb,annual,dicot,no,c3_forb
2020eco_Harris_i_13,-12.83,1.34,c4,Sorghum hapepense L.,SOHA,SOHA,Poaceae,graminoid,perennial,monocot,no,c4_graminoid
2020eco_Harris_i_14,-12.94,0.84,c4,Sorghum hapepense L.,SOHA,SOHA,Poaceae,graminoid,perennial,monocot,no,c4_graminoid
2020eco_Harris_i_15,-13.47,0.64,c4,Sorghum hapepense L.,SOHA,SOHA,Poaceae,graminoid,perennial,monocot,no,c4_graminoid
2020eco_Harris_p_1a,-13.84,6.88,c4,Sorghum hapepense L.,SOHA,SOHA,Poaceae,graminoid,perennial,monocot,no,c4_graminoid
2020eco_Harris_p_1b,-31.19,-0.12,c3,Ambrosia artemisiifolia L.,AMAR2,AMAR2,Asteraceae,forb,annual,dicot,no,c3_forb
2020eco_Harris_p_1c,-29.94,1.93,c3,,,,,forb,,dicot,,c3_forb
2020eco_Harris_p_2a,-13.73,2.71,c4,Sorghum hapepense L.,SOHA,SOHA,Poaceae,graminoid,perennial,monocot,no,c4_graminoid
2020eco_Harris_p_2b,-30.81,1.07,c3,Ambrosia artemisiifolia L.,AMAR2,AMAR2,Asteraceae,forb,annual,dicot,no,c3_forb
2020eco_Harris_p_2c,-12.8,2.17,c4,Sorghum hapepense L.,SOHA,SOHA,Poaceae,graminoid,perennial,monocot,no,c4_graminoid
2020eco_Harris_p_3a,-13.17,0.1,c4,Sorghum hapepense L.,SOHA,SOHA,Poaceae,graminoid,perennial,monocot,no,c4_graminoid
2020eco_Harris_p_3b,-31.4,0.35,c3,,,,,forb,,dicot,,c3_forb
2020eco_Harris_p_3c,-29.74,-0.55,c3,,,,,forb,,dicot,,c3_forb
2020eco_Harris_p_4a,-13.54,4.58,c4,Sorghum hapepense L.,SOHA,SOHA,Poaceae,graminoid,perennial,monocot,no,c4_graminoid
2020eco_Harris_p_5a,-12.99,6.33,c4,Sorghum hapepense L.,SOHA,SOHA,Poaceae,graminoid,perennial,monocot,no,c4_graminoid
2020eco_Harris_p_5b,-31.14,4.51,c3,Ambrosia artemisiifolia L.,AMAR2,AMAR2,Asteraceae,forb,annual,dicot,no,c3_forb
2020eco_Harris_p_mes,-29.44,-0.78,c3,Prosopis glandulosa,PRGL2,PRGL2,Fabaceae,shrub,perennial,dicot,yes,legume
2020eco_Menard_i_01,-29.86,4.88,c3,Ambrosia artemisiifolia L.,AMAR2,AMAR2,Asteraceae,forb,annual,dicot,no,c3_forb
2020eco_Menard_i_02,-29.75,4.83,c3,Ambrosia artemisiifolia L.,AMAR2,AMAR2,Asteraceae,forb,annual,dicot,no,c3_forb
2020eco_Menard_i_03,-29.75,5.66,c3,Ambrosia artemisiifolia L.,AMAR2,AMAR2,Asteraceae,forb,annual,dicot,no,c3_forb
2020eco_Menard_i_04,-27.75,0.8,c3,Prosopis glandulosa,PRGL2,PRGL2,Fabaceae,shrub,perennial,dicot,yes,legume
2020eco_Menard_i_05,-26.76,0.21,c3,Prosopis glandulosa,PRGL2,PRGL2,Fabaceae,shrub,perennial,dicot,yes,legume
2020eco_Menard_i_06,-27.79,1.12,c3,Prosopis glandulosa,PRGL2,PRGL2,Fabaceae,shrub,perennial,dicot,yes,legume
2020eco_Menard_i_07,-28.13,1.02,c3,Helianthus annuus L.,HEAN 3,HEAN 3,Asteraceae,forb,annual,dicot,no,c3_forb
2020eco_Menard_i_08,-29.16,0.71,c3,Helianthus annuus L.,HEAN 3,HEAN 3,Asteraceae,forb,annual,dicot,no,c3_forb
2020eco_Menard_i_09,-28.11,1.74,c3,Helianthus annuus L.,HEAN 3,HEAN 3,Asteraceae,forb,annual,dicot,no,c3_forb
2020eco_Menard_i_10,-27.6,1.58,c3,Nassella leucotricha,NALE3,NALE3,Poaceae,graminoid,perennial,monocot,no,c3_graminoid
2020eco_Menard_i_11,-28.26,1.38,c3,Nassella leucotricha,NALE3,NALE3,Poaceae,graminoid,perennial,monocot,no,c3_graminoid
2020eco_Menard_i_12,-26.97,1.73,c3,Nassella leucotricha,NALE3,NALE3,Poaceae,graminoid,perennial,monocot,no,c3_graminoid
2020eco_Menard_i_13,-28.83,3.26,c3,Ambrosia artemisiifolia L.,AMAR2,AMAR2,Asteraceae,forb,annual,dicot,no,c3_forb
2020eco_Menard_i_15,-28.71,2.56,c3,Ambrosia artemisiifolia L.,AMAR2,AMAR2,Asteraceae,forb,annual,dicot,no,c3_forb
2020eco_Menard_p_1a,-28.47,2.1,c3,,,,,forb,,dicot,,c3_forb
2020eco_Menard_p_1b,-29.05,5.36,c3,Solanum elaeagnifolium,SOEL,SOEL,Solanaceae,forb,perennial,dicot,no,c3_forb
2020eco_Menard_p_1c,-28.93,3.57,c3,Ambrosia artemisiifolia L.,AMAR2,AMAR2,Asteraceae,forb,annual,dicot,no,c3_forb
2020eco_Menard_p_1d,-28.08,1.82,c3,,,,Euphorbiaceae,forb,annual,dicot,no,c3_forb
2020eco_Menard_p_1e,-13.32,1.18,c4,,,,Poaceae,graminoid,perennial,monocot,no,c4_graminoid
2020eco_Menard_p_2a,-30.59,2.47,c3,,,,Euphorbiaceae,forb,annual,dicot,no,c3_forb
2020eco_Menard_p_2b,-29.61,2,c3,,,,,forb,,dicot,,c3_forb
2020eco_Menard_p_2c,-28.85,2.16,c3,,,,,forb,,dicot,,c3_forb
2020eco_Menard_p_2d,-29.09,7.26,c3,Ambrosia artemisiifolia L.,AMAR2,AMAR2,Asteraceae,forb,annual,dicot,no,c3_forb
2020eco_Menard_p_2e,-30.15,5,c3,Solanum elaeagnifolium,SOEL,SOEL,Solanaceae,forb,perennial,dicot,no,c3_forb
2020eco_Menard_p_2f,-27.19,1.46,c3,,,,,graminoid,,monocot,no,c3_graminoid
2020eco_Menard_p_3a,-28.36,1.4,c3,Ratibida peduncularis,RAPE3,RAPE3,Asteraceae,forb,perennial,dicot,no,c3_forb
2020eco_Menard_p_3b,-26.72,1.78,c3,,,,,graminoid,,monocot,no,c3_graminoid
2020eco_Menard_p_3c,-27.51,1.65,c3,Prosopis glandulosa,PRGL2,PRGL2,Fabaceae,shrub,perennial,dicot,yes,legume
2020eco_Menard_p_3d,-28.12,2.54,c3,,,,,forb,,dicot,,c3_forb
2020eco_Menard_p_4a,-27.87,3.17,c3,Ambrosia artemisiifolia L.,AMAR2,AMAR2,Asteraceae,forb,annual,dicot,no,c3_forb
2020eco_Menard_p_4b,-27.83,1.87,c3,,,,,forb,,dicot,,c3_forb
2020eco_Menard_p_4c,-27.13,1.46,c3,,,,,graminoid,,monocot,no,c3_graminoid
2020eco_Menard_p_5a,-14.82,0.44,c4,,,,Poaceae,graminoid,perennial,monocot,no,c4_graminoid
2020eco_Menard_p_5b,-28.92,1.42,c3,,,,,forb,,dicot,,c3_forb
2020eco_Russel_i_01,-31.23,-1.02,c3,,13,,,forb,,dicot,no,c3_forb
2020eco_Russel_i_02,-31.47,0.48,c3,,13,,,forb,,dicot,no,c3_forb
2020eco_Russel_i_03,-31.9,-0.39,c3,,13,,,forb,,dicot,no,c3_forb
2020eco_Russel_i_04,-30.86,-1.85,c3,,14,,,forb,,dicot,no,c3_forb
2020eco_Russel_i_05,-31.44,-1.5,c3,,14,,,forb,,dicot,no,c3_forb
2020eco_Russel_i_06,-30.51,-2.33,c3,,14,,,forb,,dicot,no,c3_forb
2020eco_Russel_i_07,-28,0.43,c3,,15,,,forb,,dicot,no,c3_forb
2020eco_Russel_i_08,-29.34,-0.61,c3,,15,,,forb,,dicot,no,c3_forb
2020eco_Russel_i_09,-28.99,0.09,c3,,15,,,forb,,dicot,no,c3_forb
2020eco_Russel_i_10,-12.18,-1.1,c4,,16,,Poaceae,graminoid,,monocot,no,c4_graminoid
2020eco_Russel_i_11,-12.96,0.11,c4,,16,,Poaceae,graminoid,,monocot,no,c4_graminoid
2020eco_Russel_i_12,-14.35,-0.92,c4,,16,,Poaceae,graminoid,,monocot,no,c4_graminoid
2020eco_Russel_i_13,,,c3,,,,,shrub,perennial,monocot,no,c3_shrub
2020eco_Russel_i_14,-31.02,-4.34,c3,,,,,shrub,perennial,monocot,no,c3_shrub
2020eco_Russel_i_15,-30.83,-3.29,c3,,,,,shrub,perennial,monocot,no,c3_shrub
2020eco_Sansaba_i_01,-27.07,-1.21,c3,Prosopis glandulosa,PRGL2,PRGL2,Fabaceae,shrub,perennial,dicot,yes,legume
2020eco_Sansaba_i_02,-25.52,-0.43,c3,Prosopis glandulosa,PRGL2,PRGL2,Fabaceae,shrub,perennial,dicot,yes,legume
2020eco_Sansaba_i_03,-30.63,-0.91,c3,Heterotheca canescens,HECA8,HECA8,Asteraceae,forb,perennial,dicot,no,c3_forb
2020eco_Sansaba_i_04,-30.77,-0.7,c3,Heterotheca canescens,HECA8,HECA8,Asteraceae,forb,perennial,dicot,no,c3_forb
2020eco_Sansaba_i_05,-13.89,3.31,c4,,,,,grass,,monocot,no,c4_graminoid
2020eco_Sansaba_i_06,-29.52,-2.44,c3,Asclepias asperula,ASAS,ASAS,Asclepiadaceae,forb,perennial,dicot,no,c3_forb
2020eco_Sansaba_i_07,-30.35,-2.78,c3,Asclepias asperula,ASAS,ASAS,Asclepiadaceae,forb,perennial,dicot,no,c3_forb
2020eco_Sansaba_i_08,-29.74,-2.74,c3,Asclepias asperula,ASAS,ASAS,Asclepiadaceae,forb,perennial,dicot,no,c3_forb
2020eco_Sansaba_i_09,-28.91,-1.67,c3,Nassella leucotricha,NALE3,NALE3,Poaceae,graminoid,perennial,monocot,no,c3_graminoid
2020eco_Sansaba_i_10,-29.41,-0.47,c3,,,,,graminoid,perennial,monocot,no,c3_graminoid
2020eco_Sansaba_i_11,-27.57,-0.23,c3,,,,,graminoid,perennial,monocot,no,c3_graminoid
2020eco_Sansaba_i_12,-27.25,0.73,c3,Nassella leucotricha,NALE3,NALE3,Poaceae,graminoid,perennial,monocot,no,c3_graminoid
2020eco_Sansaba_i_13,-28.02,-2.05,c3,,,,,graminoid,perennial,monocot,no,c3_graminoid
2020eco_Sansaba_i_14,-27.02,-1.13,c3,Prosopis glandulosa,PRGL2,PRGL2,Fabaceae,shrub,perennial,dicot,yes,legume
2020eco_Sansaba_i_15,-23.44,-0.41,c3,Prosopis glandulosa,PRGL2,PRGL2,Fabaceae,shrub,perennial,dicot,yes,legume
2020eco_Uvalde_i_01,-12.82,0.23,c4,Schizachyrium spp.,SCHIZ4,SCHIZ4,Poaceae,graminoid,perennial,monocot,no,c4_graminoid
2020eco_Uvalde_i_02,-26.32,-1.42,c3,Nassella leucotricha,NALE3,NALE3,Poaceae,graminoid,perennial,monocot,no,c3_graminoid
2020eco_Uvalde_i_03,-12.86,-1.51,c4,Schizachyrium spp.,SCHIZ4,SCHIZ4,Poaceae,graminoid,perennial,monocot,no,c4_graminoid
2020eco_Uvalde_i_04,-27.32,2.56,c3,Solanum elaeagnifolium,SOEL,SOEL,Solanaceae,forb,perennial,dicot,no,c3_forb
2020eco_Uvalde_i_05,-28.99,0.6,c3,Solanum elaeagnifolium,SOEL,SOEL,Solanaceae,forb,perennial,dicot,no,c3_forb
2020eco_Uvalde_i_06,-31.29,0.05,c3,Solanum elaeagnifolium,SOEL,SOEL,Solanaceae,forb,perennial,dicot,no,c3_forb
2020eco_Uvalde_i_07,-27.25,-0.28,c3,Nassella leucotricha,NALE3,NALE3,Poaceae,graminoid,perennial,monocot,no,c3_graminoid
2020eco_Uvalde_i_08,-26.1,-0.48,c3,Nassella leucotricha,NALE3,NALE3,Poaceae,graminoid,perennial,monocot,no,c3_graminoid
2020eco_Uvalde_i_09,-28.01,-0.6,c3,Nassella leucotricha,NALE3,NALE3,Poaceae,graminoid,perennial,monocot,no,c3_graminoid
2020eco_Uvalde_i_10,-30.81,0.53,c3,Ambrosia artemisiifolia L.,AMAR2,AMAR2,Asteraceae,forb,annual,dicot,no,c3_forb
2020eco_Uvalde_i_11,-31.84,0.44,c3,Ambrosia artemisiifolia L.,AMAR2,AMAR2,Asteraceae,forb,annual,dicot,no,c3_forb
2020eco_Uvalde_i_12,-31.75,0.95,c3,Ambrosia artemisiifolia L.,AMAR2,AMAR2,Asteraceae,forb,annual,dicot,no,c3_forb
2020eco_Uvalde_i_13,-13.68,0.2,c4,Panicum virgatum L.,PAVI2,PAVI2,Poaceae,graminoid,perennial,monocot,no,c4_graminoid
2020eco_Uvalde_i_14,-14.19,0.3,c4,Panicum virgatum L.,PAVI2,PAVI2,Poaceae,graminoid,perennial,monocot,no,c4_graminoid
2020eco_Uvalde_i_15,-15.15,1.12,c4,Panicum virgatum L.,PAVI2,PAVI2,Poaceae,graminoid,perennial,monocot,no,c4_graminoid
2020eco_Uvalde_p_1a,-14.76,1.05,c4,,,,Poaceae,graminoid,perennial,monocot,no,c4_graminoid
2020eco_Uvalde_p_1b,-27.62,0.93,c3,,,,Euphorbiaceae,forb,annual,dicot,no,c3_forb
2020eco_Uvalde_p_1c,-30.17,3.43,c3,,,,,forb,,dicot,no,c3_forb
2020eco_Uvalde_p_2a,-28.73,1.56,c3,,,,,forb,,dicot,no,c3_forb
2020eco_Uvalde_p_2b,-14.82,0.54,c4,,,,Poaceae,graminoid,perennial,monocot,no,c4_graminoid
2020eco_Uvalde_p_3a,-29.34,0.32,c3,,,,Poaceae,graminoid,perennial,monocot,no,c3_graminoid
2020eco_Uvalde_p_3b,-29.92,1.61,c3,,,,,forb,,dicot,no,c3_forb
2020eco_Uvalde_p_4a,-29.87,1.74,c3,,,,Poaceae,graminoid,perennial,monocot,no,c3_graminoid
2020eco_Uvalde_p_4b,-30.94,1.89,c3,,,,Euphorbiaceae,forb,annual,dicot,no,c3_forb
2020eco_Uvalde_p_4c,-31.61,0.04,c3,Solanum elaeagnifolium,SOEL,SOEL,Solanaceae,forb,perennial,dicot,no,c3_forb
2020eco_Uvalde_p_4d,,,c3,,,,,forb,,dicot,no,c3_forb
2020eco_Uvalde_p_4e,-30.71,-2.05,c3,,,,,forb,,dicot,no,c3_forb
2020eco_Uvalde_p_5a,-14.65,0.96,c4,,,,Poaceae,graminoid,perennial,monocot,no,c4_graminoid
2020eco_Uvalde_p_5b,-29.02,3.67,c3,,,,,forb,,dicot,no,c3_forb
2020eco_Uvalde_p_5c,-30.96,1.21,c3,Ambrosia artemisiifolia L.,AMAR2,AMAR2,Asteraceae,forb,annual,dicot,no,c3_forb
2020eco_Williamson09_i_01,-30.62,-1.11,c3,,10,,,graminoid,perennial,monocot,no,c3_graminoid
2020eco_Williamson09_i_02,-30,-2.12,c3,,10,,,graminoid,perennial,monocot,no,c3_graminoid
2020eco_Williamson09_i_03,-30.62,-2.54,c3,,10,,,graminoid,perennial,monocot,no,c3_graminoid
2020eco_Williamson09_i_04,-13.19,-0.34,c4,,8,,,graminoid,perennial,monocot,no,c4_graminoid
2020eco_Williamson09_i_05,-12.72,-1.81,c4,,8,,,graminoid,perennial,monocot,no,c4_graminoid
2020eco_Williamson09_i_06,-12.85,-1.6,c4,,8,,,graminoid,perennial,monocot,no,c4_graminoid
2020eco_Williamson09_i_07,-12.62,-2.76,c4,,11,,,graminoid,perennial,monocot,no,c4_graminoid
2020eco_Williamson09_i_08,-12.68,-2.74,c4,,11,,,graminoid,perennial,monocot,no,c4_graminoid
2020eco_Williamson09_i_09,-12.96,-2.58,c4,,11,,,graminoid,perennial,monocot,no,c4_graminoid
2020eco_Williamson09_i_10,-29.96,-2.71,c3,Ratibida peduncularis,RAPE3,RAPE3,Asteraceae,forb,perennial,dicot,no,c3_forb
2020eco_Williamson09_i_11,-31.32,-2.71,c3,Ratibida peduncularis,RAPE3,RAPE3,Asteraceae,forb,perennial,dicot,no,c3_forb
2020eco_Williamson09_i_12,-31.16,-2.64,c3,Ratibida peduncularis,RAPE3,RAPE3,Asteraceae,forb,perennial,dicot,no,c3_forb
2020eco_Williamson09_i_13,-30.33,-0.13,c3,,12,,,forb,,dicot,no,c3_forb
2020eco_Williamson09_i_14,-30.2,-0.34,c3,,12,,,forb,,dicot,no,c3_forb
2020eco_Williamson09_i_15,-32.16,-0.54,c3,,12,,,forb,,dicot,no,c3_forb
2020eco_Williamson10_i_01,-32.57,-5,c3,Ratibida peduncularis,RAPE3,RAPE3,Asteraceae,forb,perennial,dicot,no,c3_forb
2020eco_Williamson10_i_02,-31.26,-0.63,c3,Ratibida peduncularis,RAPE3,RAPE3,Asteraceae,forb,perennial,dicot,no,c3_forb
2020eco_Williamson10_i_03,-30.59,-0.1,c3,Ratibida peduncularis,RAPE3,RAPE3,Asteraceae,forb,perennial,dicot,no,c3_forb
2020eco_Williamson10_i_04,-30.76,-3.39,c3,,7,,,forb,,dicot,no,c3_forb
2020eco_Williamson10_i_05,-31.41,-3.55,c3,,7,,,forb,,dicot,no,c3_forb
2020eco_Williamson10_i_06,-31.65,-3.24,c3,,7,,,forb,,dicot,no,c3_forb
2020eco_Williamson10_i_07,-13.63,-0.23,c4,Carex spp.,CAREX,,Poaceae,graminoid,perennial,monocot,no,c4_graminoid
2020eco_Williamson10_i_08,-13.28,-0.78,c4,Carex spp.,CAREX,,Poaceae,graminoid,perennial,monocot,no,c4_graminoid
2020eco_Williamson10_i_09,-13.22,-1.68,c4,Carex spp.,CAREX,,Poaceae,graminoid,perennial,monocot,no,c4_graminoid
2020eco_Williamson10_i_10,-14.31,-0.89,c4,Carex spp.,CAREX,,Poaceae,graminoid,perennial,monocot,no,c4_graminoid
2020eco_Williamson10_i_11,-13.16,-1.12,c4,Carex spp.,CAREX,,Poaceae,graminoid,perennial,monocot,no,c4_graminoid
2020eco_Williamson10_i_12,-12.85,-2.06,c4,Carex spp.,9,,Poaceae,graminoid,perennial,monocot,no,c4_graminoid
2020eco_Williamson10_i_13,-29.07,-0.82,c3,Prosopis glandulosa,PRGL2,PRGL2,Fabaceae,shrub,perennial,dicot,yes,legume
2020eco_Williamson10_i_14,-27.85,-1.79,c3,Prosopis glandulosa,PRGL2,PRGL2,Fabaceae,shrub,perennial,dicot,yes,legume
2020eco_Williamson10_i_15,-28.45,-1.69,c3,Prosopis glandulosa,PRGL2,PRGL2,Fabaceae,shrub,perennial,dicot,yes,legume
2020eco_Williamson10_p_1a,-31.68,-2.91,c3,,,,,forb,,dicot,,c3_forb
2020eco_Williamson10_p_1b,-14.49,-0.06,c4,Carex spp.,CAREX,,Poaceae,graminoid,perennial,monocot,no,c4_graminoid
2020eco_Williamson10_p_1c,-29.93,-3.16,c3,Ratibida peduncularis,RAPE3,RAPE3,Asteraceae,forb,perrennial,dicot,no,c3_forb
2020eco_Williamson10_p_2a,-12.9,-1.74,c4,Carex spp.,CAREX,,Poaceae,graminoid,perennial,monocot,no,c4_graminoid
2020eco_Williamson10_p_2b,-28.43,-2.11,c3,Prosopis glandulosa,PRGL2,PRGL2,Fabaceae,shrub,perennial,dicot,yes,legume
2020eco_Williamson10_p_3a,-29.01,-0.18,c3,Prosopis glandulosa,PRGL2,PRGL2,Fabaceae,shrub,perennial,dicot,yes,legume
2020eco_Williamson10_p_3b,-30.15,-1.9,c3,Ratibida peduncularis,RAPE3,RAPE3,Asteraceae,forb,perrennial,dicot,no,c3_forb
2020eco_Williamson10_p_3c,-13.6,-1.99,c4,Carex spp.,CAREX,,Poaceae,graminoid,perennial,monocot,no,c4_graminoid
2020eco_Williamson10_p_3d,-14.92,-0.3,c4,Carex spp.,CAREX,,Poaceae,graminoid,perennial,monocot,no,c4_graminoid
2020eco_Williamson10_p_4a,-13.88,-2.5,c4,Carex spp.,CAREX,,Poaceae,graminoid,perennial,monocot,no,c4_graminoid
2020eco_Williamson10_p_5a,-29.12,-3.15,c3,,,,Euphorbiaceae,forb,annual,dicot,no,c3_forb
2020eco_Williamson10_p_5b,-29.17,-0.24,c3,Prosopis glandulosa,PRGL2,PRGL2,Fabaceae,shrub,perennial,dicot,yes,legume
2020eco_Williamson10_p_5c,-13.56,-0.35,c4,Carex spp.,CAREX,,Poaceae,graminoid,perennial,monocot,no,c4_graminoid
2020eco_Williamson10_p_mes,-26.78,-0.92,c3,Prosopis glandulosa,PRGL2,PRGL2,Fabaceae,shrub,perennial,dicot,yes,legume
2021eco_Austin_i_01,-31.22,4.14,c3,Ambrosia psilostachya,AMPS,AMPS,Asteraceae,forb,perennial,dicot,no,c3_forb
2021eco_Austin_i_02,-31.12,7.32,c3,Ambrosia psilostachya,AMPS,AMPS,Asteraceae,forb,perennial,dicot,no,c3_forb
2021eco_Austin_i_03,-32.05,0.41,c3,Ambrosia psilostachya,AMPS,AMPS,Asteraceae,forb,perennial,dicot,no,c3_forb
2021eco_Austin_i_04,-29.77,1.31,c3,Triadica sebifera (L.) Small,TRSE6,TRSE6,Euphorbiaceae,tree,perennial,dicot,no,c3_tree
2021eco_Austin_i_05,-29.78,1.22,c3,Triadica sebifera (L.) Small,TRSE6,TRSE6,Euphorbiaceae,tree,perennial,dicot,no,c3_tree
2021eco_Austin_i_06,-29.63,1.88,c3,Triadica sebifera (L.) Small,TRSE6,TRSE6,Euphorbiaceae,tree,perennial,dicot,no,c3_tree
2021eco_Austin_i_07,-32.31,0.49,c3,Rudbeckia hirta,RUHI2,RUHI2,Asteraceae,forb,perennial,dicot,no,c3_forb
2021eco_Austin_i_08,-30.38,-2.84,c3,Rudbeckia hirta,RUHI2,RUHI2,Asteraceae,forb,perennial,dicot,no,c3_forb
2021eco_Austin_i_09,-31,0.92,c3,Rudbeckia hirta,RUHI2,RUHI2,Asteraceae,forb,perennial,dicot,no,c3_forb
2021eco_Austin_i_10,-31.34,-1.9,c3,Chrysopsis pilosa,CHPI8,CHPI8,Asteraceae,forb,annual,dicot,no,c3_forb
2021eco_Austin_i_11,-31.88,-0.11,c3,Chrysopsis pilosa,CHPI8,CHPI8,Asteraceae,forb,annual,dicot,no,c3_forb
2021eco_Austin_i_12,-30.73,7.48,c3,Chrysopsis pilosa,CHPI8,CHPI8,Asteraceae,forb,annual,dicot,no,c3_forb
2021eco_Austin_i_13,-33.37,-1.06,c3,Mimosa spp.,MIQU2,MIQU2,Fabaceae,forb,perennial,dicot,yes,legume
2021eco_Austin_i_14,-33.01,-1.85,c3,Mimosa spp.,MIQU2,MIQU2,Fabaceae,forb,perennial,dicot,yes,legume
2021eco_Austin_i_15,-33.08,-0.95,c3,Mimosa spp.,MIQU2,MIQU2,Fabaceae,forb,perennial,dicot,yes,legume
2021eco_Bandera_i_01,-29.2,5.02,c3,Solanum elaeagnifolium,SOEL,SOEL,Solanaceae,forb,perennial,dicot,no,c3_forb
2021eco_Bandera_i_02,-30.34,5.49,c3,Solanum elaeagnifolium,SOEL,SOEL,Solanaceae,forb,perennial,dicot,no,c3_forb
2021eco_Bandera_i_03,-30.66,6.98,c3,Solanum elaeagnifolium,SOEL,SOEL,Solanaceae,forb,perennial,dicot,no,c3_forb
2021eco_Bandera_i_04,-11.9,2.41,c4,Dichanthium annulatum,DIAN,DIAN,Poaceae,graminoid,perennial,monocot,no,c4_graminoid
2021eco_Bandera_i_05,-11.96,0.83,c4,Dichanthium annulatum,DIAN,DIAN,Poaceae,graminoid,perennial,monocot,no,c4_graminoid
2021eco_Bandera_i_06,-12.3,0.16,c4,Dichanthium annulatum,DIAN,DIAN,Poaceae,graminoid,perennial,monocot,no,c4_graminoid
2021eco_Bandera_i_07,-28.45,3.32,c3,Asclepias syriaca,ASSY,ASSY,Asclepiadaceae,forb,perennial,dicot,no,c3_forb
2021eco_Bandera_i_08,-29.78,1.47,c3,Asclepias syriaca,ASSY,ASSY,Asclepiadaceae,forb,perennial,dicot,no,c3_forb
2021eco_Bandera_i_09,-29.16,2.76,c3,Asclepias syriaca,ASSY,ASSY,Asclepiadaceae,forb,perennial,dicot,no,c3_forb
2021eco_Bandera_i_10,-29.83,1.32,c3,Verbena stricta,VEST,VEST,Verbenaceae,forb,perennial,dicot,no,c3_forb
2021eco_Bandera_i_11,-29.49,0.05,c3,Verbena stricta,VEST,VEST,Verbenaceae,forb,perennial,dicot,no,c3_forb
2021eco_Bandera_i_12,-28.97,1.74,c3,Verbena stricta,VEST,VEST,Verbenaceae,forb,perennial,dicot,no,c3_forb
2021eco_Bandera_i_13,-29.58,4.25,c3,Croton glandulosus,CRGLL,CRGLL,Euphorbiaceae,forb,annual,dicot,no,c3_forb
2021eco_Bandera_i_14,-28.54,4.47,c3,Croton glandulosus,CRGLL,CRGLL,Euphorbiaceae,forb,annual,dicot,no,c3_forb
2021eco_Bandera_i_15,-28.48,7.51,c3,Croton glandulosus,CRGLL,CRGLL,Euphorbiaceae,forb,annual,dicot,no,c3_forb
2021eco_Bandera_p_1a,-13.39,2.23,c4,Dichanthium annulatum,DIAN,DIAN,Poaceae,graminoid,perennial,monocot,no,c4_graminoid
2021eco_Bandera_p_2a,-12.79,1.83,c4,Dichanthium annulatum,DIAN,DIAN,Poaceae,graminoid,perennial,monocot,no,c4_graminoid
2021eco_Bandera_p_2b,-30.41,2.19,c3,Solanum elaeagnifolium,SOEL,SOEL,Solanaceae,forb,perennial,dicot,no,c3_forb
2021eco_Bandera_p_2c,-30.33,1.67,c3,Euphorbia marginata,EUMA11,EUMA11,Euphorbiaceae,forb,annual,dicot,,c3_forb
2021eco_Bandera_p_2d,-31.15,-0.09,c3,Croton glandulosus,CRGLL,CRGLL,Euphorbiaceae,forb,annual,dicot,,c3_forb
2021eco_Bandera_p_3a,-12.73,1.7,c4,Dichanthium annulatum,DIAN,DIAN,Poaceae,graminoid,perennial,monocot,no,c4_graminoid
2021eco_Bandera_p_3b,-30.8,0.77,c3,Euphorbia marginata,EUMA12,EUMA12,Euphorbiaceae,forb,annual,dicot,,c3_forb
2021eco_Bandera_p_4a,-12.67,2.63,c4,Dichanthium annulatum,DIAN,DIAN,Poaceae,graminoid,perennial,monocot,no,c4_graminoid
2021eco_Bandera_p_4b,-30.05,6.16,c3,Solanum elaeagnifolium,SOEL,SOEL,Solanaceae,forb,perennial,dicot,no,c3_forb
2021eco_Bandera_p_5a,-12.6,2.6,c4,Dichanthium annulatum,DIAN,DIAN,Poaceae,graminoid,perennial,monocot,no,c4_graminoid
2021eco_Bandera_p_5b,-30.44,3.4,c3,Solanum elaeagnifolium,SOEL,SOEL,Solanaceae,forb,perennial,dicot,no,c3_forb
2021eco_Bandera_p_SOTP,-29.78,4.03,c3,Euphorbia marginata,EUMA13,EUMA13,Euphorbiaceae,forb,annual,dicot,,c3_forb
2021eco_Bell_i_01,-29.57,2.56,c3,Ratibida columnifera,RACO3,RACO3,Asteraceae,forb,perennial,dicot,no,c3_forb
2021eco_Bell_i_02,-30.9,5.31,c3,Ratibida columnifera,RACO3,RACO3,Asteraceae,forb,perennial,dicot,no,c3_forb
2021eco_Bell_i_03,-31.12,3.21,c3,Ratibida columnifera,RACO3,RACO3,Asteraceae,forb,perennial,dicot,no,c3_forb
2021eco_Bell_i_04,-29.3,0.76,c3,Asclepias syriaca,ASSY,ASSY,Asclepiadaceae,forb,perennial,dicot,no,c3_forb
2021eco_Bell_i_05,-28.71,0.36,c3,Asclepias syriaca,ASSY,ASSY,Asclepiadaceae,forb,perennial,dicot,no,c3_forb
2021eco_Bell_i_06,-29.46,0.48,c3,Asclepias syriaca,ASSY,ASSY,Asclepiadaceae,forb,perennial,dicot,no,c3_forb
2021eco_Bell_i_07,-29.95,5.78,c3,Solanum elaeagnifolium,SOEL,SOEL,Solanaceae,forb,perennial,dicot,no,c3_forb
2021eco_Bell_i_08,-29.95,4.76,c3,Solanum elaeagnifolium,SOEL,SOEL,Solanaceae,forb,perennial,dicot,no,c3_forb
2021eco_Bell_i_09,-29.72,3.74,c3,Solanum elaeagnifolium,SOEL,SOEL,Solanaceae,forb,perennial,dicot,no,c3_forb
2021eco_Bell_i_10,-31.08,0.6,c3,Salvia farinacea,SAFA2,SAFA2,Lamiaceae,forb,perennial,dicot,no,c3_forb
2021eco_Bell_i_11,-30.51,-1.29,c3,Salvia farinacea,SAFA2,SAFA2,Lamiaceae,forb,perennial,dicot,no,c3_forb
2021eco_Bell_i_12,-31.25,0.32,c3,Salvia farinacea,SAFA2,SAFA2,Lamiaceae,forb,perennial,dicot,no,c3_forb
2021eco_Bell_i_13,-12.79,3.78,c4,Cynodon dactylon,CYDA,CYDA,Poaceae,graminoid,perennial,monocot,no,c4_graminoid
2021eco_Bell_i_14,-12.71,3.81,c4,Cynodon dactylon,CYDA,CYDA,Poaceae,graminoid,perennial,monocot,no,c4_graminoid
2021eco_Bell_i_15,-12.38,0.86,c4,Cynodon dactylon,CYDA,CYDA,Poaceae,graminoid,perennial,monocot,no,c4_graminoid
2021eco_Bell_p_1a,-31.15,1.08,c3,Solanum dimidiatum,SODI,SODI,Solanaceae,forb,perennial,dicot,no,c3_forb
2021eco_Bell_p_1b,-30.43,-0.34,c3,Ratibida columnifera,RACO3,RACO3,Asteraceae,forb,perennial,dicot,no,c3_forb
2021eco_Bell_p_1c,-30.79,-1.38,c3,Croton glandulosus,CRGLL,CRGLL,Euphorbiaceae,forb,annual,dicot,,c3_forb
2021eco_Bell_p_2a,-31.15,-2.66,c3,Croton glandulosus,CRGLL,CRGLL,Euphorbiaceae,forb,annual,dicot,,c3_forb
2021eco_Bell_p_2b,-30.21,-2.53,c3,Glandularia goodingii,GLGO,GLGO,Verbenaceae,forb,perennial,dicot,no,c3_forb
2021eco_Bell_p_2c,-30.76,-0.38,c3,Ratibida columnifera,RACO3,RACO3,Asteraceae,forb,perennial,dicot,no,c3_forb
2021eco_Bell_p_2d,-31.61,-1.67,c3,Gaillardia pulchella,GAPU,GAPU,Asteraceae,forb,annual,dicot,no,c3_forb
2021eco_Bell_p_2e,-13.12,5.9,c4,Cynodon dactylon,CYDA,CYDA,Poaceae,graminoid,perennial,monocot,no,c4_graminoid
2021eco_Bell_p_3a,-30.65,3.48,c3,Ratibida columnifera,RACO3,RACO3,Asteraceae,forb,perennial,dicot,no,c3_forb
2021eco_Bell_p_3b,-32.08,1.1,c3,Croton glandulosus,CRGLL,CRGLL,Euphorbiaceae,forb,annual,dicot,,c3_forb
2021eco_Bell_p_3c,-30.98,3.17,c3,Glandularia goodingii,GLGO,GLGO,Verbenaceae,forb,perennial,dicot,no,c3_forb
2021eco_Bell_p_3d,-21.5,-0.57,c3,Nassella leucotricha,NALE3,NALE3,Poaceae,graminoid,perennial,monocot,no,c3_graminoid
2021eco_Bell_p_4a,-30.06,-0.81,c3,Asclepias syriaca,ASSY,ASSY,Asclepiadaceae,forb,perennial,dicot,no,c3_forb
2021eco_Bell_p_4b,-30.95,0.08,c3,Ratibida columnifera,RACO3,RACO3,Asteraceae,forb,perennial,dicot,no,c3_forb
2021eco_Bell_p_4c,,,c3,Croton glandulosus,CRGLL,CRGLL,Euphorbiaceae,forb,annual,dicot,,c3_forb
2021eco_Bell_p_4d,-30.84,-1.85,c3,Mimosa spp.,MIQU2,MIQU2,Fabaceae,forb,perennial,dicot,yes,legume
2021eco_Bell_p_4e,-32.12,-1.71,,Nassella leucotricha,NALE3,NALE3,Poaceae,graminoid,perennial,monocot,no,c3_graminoid
2021eco_Bell_p_5a,-28.48,0.78,c3,Asclepias syriaca,ASSY,ASSY,Asclepiadaceae,forb,perennial,dicot,no,c3_forb
2021eco_Bell_p_5b,-31.81,0.83,c3,Croton glandulosus,CRGLL,CRGLL,Euphorbiaceae,forb,annual,dicot,,c3_forb
2021eco_Bell_p_5c,-20.23,-0.19,c3,Nassella leucotricha,NALE3,NALE3,Poaceae,graminoid,perennial,monocot,no,c3_graminoid
2021eco_Bell_p_snight1,-29.84,3.77,c3,Solanum elaeagnifolium,SOEL,SOEL,Solanaceae,forb,perennial,dicot,no,c3_forb
2021eco_Bell_p_snight2,-29.65,5.75,c3,Solanum elaeagnifolium,SOEL,SOEL,Solanaceae,forb,perennial,dicot,no,c3_forb
2021eco_Bell_p_snight3,-30.01,5.73,c3,Solanum elaeagnifolium,SOEL,SOEL,Solanaceae,forb,perennial,dicot,no,c3_forb
2021eco_Brazos16_i_01,-29.63,2.68,c3,Conoclinium coelestinum (L.) ,COCO13,COCO13,Asteraceae,forb,perennial,dicot,no,c3_forb
2021eco_Brazos16_i_02,-29.64,2.41,c3,Conoclinium coelestinum (L.) ,COCO13,COCO13,Asteraceae,forb,perennial,dicot,no,c3_forb
2021eco_Brazos16_i_03,-29.57,4.24,c3,Conoclinium coelestinum (L.) ,COCO13,COCO13,Asteraceae,forb,perennial,dicot,no,c3_forb
2021eco_Brazos16_i_04,-31.05,4.6,c3,Argemone albiflora Hornem.,ARAL3,ARAL3,Papaveraceae,forb,annual,dicot,no,c3_forb
2021eco_Brazos16_i_05,-30.82,4.24,c3,Argemone albiflora Hornem.,ARAL3,ARAL3,Papaveraceae,forb,annual,dicot,no,c3_forb
2021eco_Brazos16_i_06,-31.11,5.89,c3,Argemone albiflora Hornem.,ARAL3,ARAL3,Papaveraceae,forb,annual,dicot,no,c3_forb
2021eco_Brazos16_i_07,-12.81,0.58,c4,Sorghum halepense,SOHA,SOHA,Poaceae,graminoid,perennial,monocot,no,c4_graminoid
2021eco_Brazos16_i_08,-12.51,1.39,c4,Sorghum halepense,SOHA,SOHA,Poaceae,graminoid,perennial,monocot,no,c4_graminoid
2021eco_Brazos16_i_09,-12.54,0.59,c4,Sorghum halepense,SOHA,SOHA,Poaceae,graminoid,perennial,monocot,no,c4_graminoid
2021eco_Brazos16_i_10,-31.86,0.36,c3,Ambrosia psilostachya,AMPS,AMPS,Asteraceae,forb,perennial,dicot,no,c3_forb
2021eco_Brazos16_i_11,-31.84,-0.43,c3,Ambrosia psilostachya,AMPS,AMPS,Asteraceae,forb,perennial,dicot,no,c3_forb
2021eco_Brazos16_i_12,-31.64,1.01,c3,Ambrosia psilostachya,AMPS,AMPS,Asteraceae,forb,perennial,dicot,no,c3_forb
2021eco_Brazos16_i_13,-29.84,2.19,c3,Commelina erecta,COER,COER,Asteraceae,forb,perennial,dicot,no,c3_forb
2021eco_Brazos16_i_14,-29.91,1.6,c3,Commelina erecta,COER,COER,Asteraceae,forb,perennial,dicot,no,c3_forb
2021eco_Brazos16_i_15,-30.06,1.16,c3,Commelina erecta,COER,COER,Asteraceae,forb,perennial,dicot,no,c3_forb
2021eco_Brazos18_i_01,-29.83,5.13,c3,Solanum elaeagnifolium,SOEL,SOEL,Solanaceae,forb,perennial,dicot,no,c3_forb
2021eco_Brazos18_i_02,-29.25,5.4,c3,Solanum elaeagnifolium,SOEL,SOEL,Solanaceae,forb,perennial,dicot,no,c3_forb
2021eco_Brazos18_i_03,-29.59,6.8,c3,Solanum elaeagnifolium,SOEL,SOEL,Solanaceae,forb,perennial,dicot,no,c3_forb
2021eco_Brazos18_i_04,-30.44,6.22,c3,Ambrosia psilostachya,AMPS,AMPS,Asteraceae,forb,perennial,dicot,no,c3_forb
2021eco_Brazos18_i_05,-30.91,4.45,c3,Ambrosia psilostachya,AMPS,AMPS,Asteraceae,forb,perennial,dicot,no,c3_forb
2021eco_Brazos18_i_06,-30.59,4.93,c3,Ambrosia psilostachya,AMPS,AMPS,Asteraceae,forb,perennial,dicot,no,c3_forb
2021eco_Brazos18_i_07,-12.85,-0.7,c4,Carex spp.,CAREX,CAREX,Poaceae,graminoid,perennial,monocot,no,c4_graminoid
2021eco_Brazos18_i_08,-13.28,0.48,c4,Carex spp.,CAREX,CAREX,Poaceae,graminoid,perennial,monocot,no,c4_graminoid
2021eco_Brazos18_i_09,-12.77,-1.07,c4,Carex spp.,CAREX,CAREX,Poaceae,graminoid,perennial,monocot,no,c4_graminoid
2021eco_Brazos18_i_10,-29.58,-0.03,c3,Diospyros texana,DITE3,DITE3,Ebenaceae,tree,perennial,dicot,no,c3_tree
2021eco_Brazos18_i_11,-28.9,-0.63,c3,Diospyros texana,DITE4,DITE4,Ebenaceae,tree,perennial,dicot,no,c3_tree
2021eco_Brazos18_i_12,-29.02,-0.2,c3,Diospyros texana,DITE5,DITE5,Ebenaceae,tree,perennial,dicot,no,c3_tree
2021eco_Brazos18_i_13,-30.14,-0.63,c3,Mimosa spp.,MIQU2,MIQU2,Fabaceae,forb,perennial,dicot,yes,legume
2021eco_Brazos18_i_14,-30.06,-0.72,c3,Mimosa spp.,MIQU2,MIQU2,Fabaceae,forb,perennial,dicot,yes,legume
2021eco_Brazos18_i_15,-29.89,-0.76,c3,Mimosa spp.,MIQU2,MIQU2,Fabaceae,forb,perennial,dicot,yes,legume
2021eco_Burnet12_i_01,-30.38,-0.2,c3,Ratibida columnifera,RACO3,RACO3,Asteraceae,forb,perennial,dicot,no,c3_forb
2021eco_Burnet12_i_02,-30.26,-1.07,c3,Ratibida columnifera,RACO3,RACO3,Asteraceae,forb,perennial,dicot,no,c3_forb
2021eco_Burnet12_i_03,-30.54,-0.82,c3,Ratibida columnifera,RACO3,RACO3,Asteraceae,forb,perennial,dicot,no,c3_forb
2021eco_Burnet12_i_04,-30.97,-1.95,c3,Gaillardia pulchella,GAPU,GAPU,Asteraceae,forb,annual,dicot,no,c3_forb
2021eco_Burnet12_i_05,-31.02,-2.11,c3,Gaillardia pulchella,GAPU,GAPU,Asteraceae,forb,annual,dicot,no,c3_forb
2021eco_Burnet12_i_06,-31.78,-1.95,c3,Gaillardia pulchella,GAPU,GAPU,Asteraceae,forb,annual,dicot,no,c3_forb
2021eco_Burnet12_i_07,-30.47,0.81,c3,Ambrosia psilostachya,AMPS,AMPS,Asteraceae,forb,perennial,dicot,no,c3_forb
2021eco_Burnet12_i_08,-30.31,0.2,c3,Ambrosia psilostachya,AMPS,AMPS,Asteraceae,forb,perennial,dicot,no,c3_forb
2021eco_Burnet12_i_09,-30.77,0.25,c3,Ambrosia psilostachya,AMPS,AMPS,Asteraceae,forb,perennial,dicot,no,c3_forb
2021eco_Burnet12_i_10,-27.99,1.75,c3,Asclepias syriaca,ASSY,ASSY,Asclepiadaceae,forb,perennial,dicot,no,c3_forb
2021eco_Burnet12_i_11,-28.42,1.55,c3,Asclepias syriaca,ASSY,ASSY,Asclepiadaceae,forb,perennial,dicot,no,c3_forb
2021eco_Burnet12_i_12,-27.97,1.42,c3,Asclepias syriaca,ASSY,ASSY,Asclepiadaceae,forb,perennial,dicot,no,c3_forb
2021eco_Burnet12_i_13,-29.65,1.76,c3,Solanum elaeagnifolium,SOEL,SOEL,Solanaceae,forb,perennial,dicot,no,c3_forb
2021eco_Burnet12_i_14,-28.81,2.69,c3,Solanum elaeagnifolium,SOEL,SOEL,Solanaceae,forb,perennial,dicot,no,c3_forb
2021eco_Burnet12_i_15,-29.12,3.12,c3,Solanum elaeagnifolium,SOEL,SOEL,Solanaceae,forb,perennial,dicot,no,c3_forb
2021eco_Burnet12_p_1a,-30.9,0.26,c3,Ambrosia psilostachya,AMPS,AMPS,Asteraceae,forb,perennial,dicot,no,c3_forb
2021eco_Burnet12_p_2a,-30.8,0.2,c3,Ambrosia psilostachya,AMPS,AMPS,Asteraceae,forb,perennial,dicot,no,c3_forb
2021eco_Burnet12_p_2b,-30.44,2.66,c3,Solanum elaeagnifolium,SOEL,SOEL,Solanaceae,forb,perennial,dicot,no,c3_forb
2021eco_Burnet12_p_3a,-30.85,0.03,c3,Ambrosia psilostachya,AMPS,AMPS,Asteraceae,forb,perennial,dicot,no,c3_forb
2021eco_Burnet12_p_4a,-30.62,-0.67,c3,Ambrosia psilostachya,AMPS,AMPS,Asteraceae,forb,perennial,dicot,no,c3_forb
2021eco_Burnet12_p_4b,-14.02,0.27,c4,Carex spp.,LOPE,LOPE,Poaceae,graminoid,perennial,monocot,no,c4_graminoid
2021eco_Burnet12_p_5a,-29.98,1.51,c3,Ambrosia psilostachya,AMPS,AMPS,Asteraceae,forb,perennial,dicot,no,c3_forb
2021eco_Burnet12_p_5b,-28.59,1.61,c3,Asclepias syriaca,ASSY,ASSY,Asclepiadaceae,forb,perennial,dicot,no,c3_forb
2021eco_Burnet12_p_5c,-31.2,1.51,c3,Croton glandulosus,CRGLL,CRGLL,Euphorbiaceae,forb,annual,dicot,no,c3_forb
2021eco_Burnet12_p_john1,-12.98,1.52,c4,Sorghum halepense,SOHA,SOHA,Poaceae,graminoid,perennial,monocot,no,c4_graminoid
2021eco_Burnet12_p_john2,-12.96,1.86,c4,Sorghum halepense,SOHA,SOHA,Poaceae,graminoid,perennial,monocot,no,c4_graminoid
2021eco_Burnet12_p_john3,-12.89,2.25,c4,Sorghum halepense,SOHA,SOHA,Poaceae,graminoid,perennial,monocot,no,c4_graminoid
2021eco_Burnet12_p_snight1,-30.56,2.93,c3,Solanum elaeagnifolium,SOEL,SOEL,Solanaceae,forb,perennial,dicot,no,c3_forb
2021eco_Burnet12_p_snight2,-30.05,3.42,c3,Solanum elaeagnifolium,SOEL,SOEL,Solanaceae,forb,perennial,dicot,no,c3_forb
2021eco_Burnet14_i_01,-29.78,3.94,c3,Solanum elaeagnifolium,SOEL,SOEL,Solanaceae,forb,perennial,dicot,no,c3_forb
2021eco_Burnet14_i_02,-30.63,5.86,c3,Solanum elaeagnifolium,SOEL,SOEL,Solanaceae,forb,perennial,dicot,no,c3_forb
2021eco_Burnet14_i_03,-29.7,5.63,c3,Solanum elaeagnifolium,SOEL,SOEL,Solanaceae,forb,perennial,dicot,no,c3_forb
2021eco_Burnet14_i_04,-29.32,5.78,c3,Ambrosia psilostachya,AMPS,AMPS,Asteraceae,forb,perennial,dicot,no,c3_forb
2021eco_Burnet14_i_05,-30.87,3.93,c3,Ambrosia psilostachya,AMPS,AMPS,Asteraceae,forb,perennial,dicot,no,c3_forb
2021eco_Burnet14_i_06,-30.88,3.7,c3,Ambrosia psilostachya,AMPS,AMPS,Asteraceae,forb,perennial,dicot,no,c3_forb
2021eco_Burnet14_i_07,-30.5,0.51,c3,Gaillardia pulchella,GAPU,GAPU,Asteraceae,forb,annual,dicot,no,c3_forb
2021eco_Burnet14_i_08,-31.44,3.47,c3,Gaillardia pulchella,GAPU,GAPU,Asteraceae,forb,annual,dicot,no,c3_forb
2021eco_Burnet14_i_09,-31.78,3.92,c3,Gaillardia pulchella,GAPU,GAPU,Asteraceae,forb,annual,dicot,no,c3_forb
2021eco_Burnet14_i_10,-30.31,0.07,c3,Lolium perenne,LOPE,LOPE,Poaceae,graminoid,perennial,monocot,no,c3_graminoid
2021eco_Burnet14_i_11,-30.68,-0.24,c3,Lolium perenne,LOPE,LOPE,Poaceae,graminoid,perennial,monocot,no,c3_graminoid
2021eco_Burnet14_i_12,-30.56,1.3,c3,Lolium perenne,LOPE,LOPE,Poaceae,graminoid,perennial,monocot,no,c3_graminoid
2021eco_Burnet14_i_13,-31.5,6.32,c3,Solanum elaeagnifolium,SOEL,SOEL,Solanaceae,forb,perennial,dicot,no,c3_forb
2021eco_Burnet14_i_14,-30.84,6.88,c3,Solanum elaeagnifolium,SOEL,SOEL,Solanaceae,forb,perennial,dicot,no,c3_forb
2021eco_Burnet14_i_15,-30.79,4.83,c3,Solanum elaeagnifolium,SOEL,SOEL,Solanaceae,forb,perennial,dicot,no,c3_forb
2021eco_Comal_i_01,-27.7,-0.77,c3,Asclepias latifolia,ASLA4,ASLA4,Asclepiadaceae,forb,perennial,dicot,no,c3_forb
2021eco_Comal_i_02,-27.75,0.29,c3,Asclepias latifolia,ASLA4,ASLA4,Asclepiadaceae,forb,perennial,dicot,no,c3_forb
2021eco_Comal_i_03,-27.85,0.02,c3,Asclepias latifolia,ASLA4,ASLA4,Asclepiadaceae,forb,perennial,dicot,no,c3_forb
2021eco_Comal_i_04,-29.37,-0.42,c3,Wedelia acapulcensis,WEAC,WEAC,Asteraceae,shrub,perennial,dicot,no,c3_shrub
2021eco_Comal_i_05,-29.02,0.2,c3,Wedelia acapulcensis,WEAC,WEAC,Asteraceae,shrub,perennial,dicot,no,c3_shrub
2021eco_Comal_i_06,-30.66,-0.32,c3,Wedelia acapulcensis,WEAC,WEAC,Asteraceae,shrub,perennial,dicot,no,c3_shrub
2021eco_Comal_i_07,-29.26,0.37,c3,Mimosa spp.,MIQU2,MIQU2,Fabaceae,forb,perennial,dicot,yes,legume
2021eco_Comal_i_08,-28.29,-0.22,c3,Mimosa spp.,MIQU2,MIQU2,Fabaceae,forb,perennial,dicot,yes,legume
2021eco_Comal_i_09,-27.34,-0.56,c3,Mimosa spp.,MIQU2,MIQU2,Fabaceae,forb,perennial,dicot,yes,legume
2021eco_Comal_i_10,-12.96,0.03,c4,Schizachyrium spp.,SCSC,SCSC,Poaceae,graminoid,perennial,monocot,no,c4_graminoid
2021eco_Comal_i_11,-12.83,0.51,c4,Schizachyrium spp.,SCSC,SCSC,Poaceae,graminoid,perennial,monocot,no,c4_graminoid
2021eco_Comal_i_12,-13.28,1.17,c4,Schizachyrium spp.,SCSC,SCSC,Poaceae,graminoid,perennial,monocot,no,c4_graminoid
2021eco_Comal_i_13,-29.92,0.03,c3,Gaillardia pulchella,GAPU,GAPU,Asteraceae,forb,annual,dicot,no,c3_forb
2021eco_Comal_i_14,-29.38,-2.3,c3,Gaillardia pulchella,GAPU,GAPU,Asteraceae,forb,annual,dicot,no,c3_forb
2021eco_Comal_i_15,-30.7,-1.38,c3,Gaillardia pulchella,GAPU,GAPU,Asteraceae,forb,annual,dicot,no,c3_forb
2021eco_Fayette09_i_01,-30.04,2.57,c3,Solanum elaeagnifolium,SOEL,SOEL,Solanaceae,forb,perennial,dicot,no,c3_forb
2021eco_Fayette09_i_02,,,c3,Solanum elaeagnifolium,SOEL,SOEL,Solanaceae,forb,perennial,dicot,no,c3_forb
2021eco_Fayette09_i_03,-30.56,1.1,c3,Solanum elaeagnifolium,SOEL,SOEL,Solanaceae,forb,perennial,dicot,no,c3_forb
2021eco_Fayette09_i_04,-31.47,2.51,c3,Vaccinium arboreum,VAAR,VAAR,Ericacaea,tree,perennial,dicot,no,c3_tree
2021eco_Fayette09_i_05,-31.28,2.43,c3,Vaccinium arboreum,VAAR,VAAR,Ericacaea,tree,perennial,dicot,no,c3_tree
2021eco_Fayette09_i_06,-30.23,2.45,c3,Vaccinium arboreum,VAAR,VAAR,Ericacaea,tree,perennial,dicot,no,c3_tree
2021eco_Fayette09_i_07,-31.92,-1.55,c3,Ambrosia psilostachya,AMPS,AMPS,Asteraceae,forb,perennial,dicot,no,c3_forb
2021eco_Fayette09_i_08,-32.14,-1.41,c3,Ambrosia psilostachya,AMPS,AMPS,Asteraceae,forb,perennial,dicot,no,c3_forb
2021eco_Fayette09_i_09,-32.17,-1.19,c3,Ambrosia psilostachya,AMPS,AMPS,Asteraceae,forb,perennial,dicot,no,c3_forb
2021eco_Fayette09_i_10,-31.46,0.45,c3,Oenothera curtiflora,OECU2,OECU2,Onagraceae,forb,annual,dicot,no,c3_forb
2021eco_Fayette09_i_11,-31.65,0.06,c3,Oenothera curtiflora,OECU2,OECU2,Onagraceae,forb,annual,dicot,no,c3_forb
2021eco_Fayette09_i_12,-31.99,-2.47,c3,Oenothera curtiflora,OECU2,OECU2,Onagraceae,forb,annual,dicot,no,c3_forb
2021eco_Fayette09_i_13,-30.4,-2.82,c3,Callicarpa americana L.,CAAM2,CAAM2,Verbenaceae,forb,perennial,dicot,no,c3_forb
2021eco_Fayette09_i_14,-28.2,-1.95,c3,Callicarpa americana L.,CAAM2,CAAM2,Verbenaceae,forb,perennial,dicot,no,c3_forb
2021eco_Fayette09_i_15,-29.45,-0.93,c3,Callicarpa americana L.,CAAM2,CAAM2,Verbenaceae,forb,perennial,dicot,no,c3_forb
2021eco_Fayette12_i_01,-30.12,2.55,c3,Solanum elaeagnifolium,SOEL,SOEL,Solanaceae,forb,perennial,dicot,no,c3_forb
2021eco_Fayette12_i_02,-30.15,4.58,c3,Solanum elaeagnifolium,SOEL,SOEL,Solanaceae,forb,perennial,dicot,no,c3_forb
2021eco_Fayette12_i_03,-29.87,6.47,c3,Solanum elaeagnifolium,SOEL,SOEL,Solanaceae,forb,perennial,dicot,no,c3_forb
2021eco_Fayette12_i_04,-31.41,4.46,c3,Ambrosia psilostachya,AMPS,AMPS,Asteraceae,forb,perennial,dicot,no,c3_forb
2021eco_Fayette12_i_05,-30.95,3.56,c3,Ambrosia psilostachya,AMPS,AMPS,Asteraceae,forb,perennial,dicot,no,c3_forb
2021eco_Fayette12_i_06,-31.55,3.8,c3,Ambrosia psilostachya,AMPS,AMPS,Asteraceae,forb,perennial,dicot,no,c3_forb
2021eco_Fayette12_i_07,-28.85,-0.1,c3,Prosopis glandulosa,PRGL2,PRGL2,Fabaceae,tree,perennial,dicot,yes,legume
2021eco_Fayette12_i_08,-28.6,0.98,c3,Prosopis glandulosa,PRGL3,PRGL3,Fabaceae,tree,perennial,dicot,yes,legume
2021eco_Fayette12_i_09,-27.89,2.62,c3,Prosopis glandulosa,PRGL4,PRGL4,Fabaceae,tree,perennial,dicot,yes,legume
2021eco_Fayette12_i_12,-18.21,4.69,c4,Sorghum halepense,SOHA,SOHA,Poaceae,graminoid,perennial,monocot,no,c4_graminoid
2021eco_Harris_i_01,-31.92,0.24,c3,Ambrosia psilostachya,AMPS,AMPS,Asteraceae,forb,perennial,dicot,no,c3_forb
2021eco_Harris_i_02,-31.34,0.83,c3,Ambrosia psilostachya,AMPS,AMPS,Asteraceae,forb,perennial,dicot,no,c3_forb
2021eco_Harris_i_03,-32.33,1.76,c3,Ambrosia psilostachya,AMPS,AMPS,Asteraceae,forb,perennial,dicot,no,c3_forb
2021eco_Harris_i_04,-13.58,3.34,c4,Sorghum halepense,SOHA,SOHA,Poaceae,graminoid,perennial,monocot,no,c4_graminoid
2021eco_Harris_i_05,-12.71,3.51,c4,Sorghum halepense,SOHA,SOHA,Poaceae,graminoid,perennial,monocot,no,c4_graminoid
2021eco_Harris_i_06,-12.91,4.8,c4,Sorghum halepense,SOHA,SOHA,Poaceae,graminoid,perennial,monocot,no,c4_graminoid
2021eco_Harris_i_07,-12.54,4.8,c4,Cynodon dactylon,CYDA,CYDA,Poaceae,graminoid,perennial,monocot,no,c4_graminoid
2021eco_Harris_i_08,-12.72,6.54,c4,Cynodon dactylon,CYDA,CYDA,Poaceae,graminoid,perennial,monocot,no,c4_graminoid
2021eco_Harris_i_09,-12.56,4.89,c4,Cynodon dactylon,CYDA,CYDA,Poaceae,graminoid,perennial,monocot,no,c4_graminoid
2021eco_Harris_i_10,-30.68,0.01,c3,Mimosa spp.,MIQU2,MIQU2,Fabaceae,forb,perennial,dicot,yes,legume
2021eco_Harris_i_11,-29.79,0.62,c3,Mimosa spp.,MIQU2,MIQU2,Fabaceae,forb,perennial,dicot,yes,legume
2021eco_Harris_i_12,-30.65,-0.33,c3,Mimosa spp.,MIQU2,MIQU2,Fabaceae,forb,perennial,dicot,yes,legume
2021eco_Harris_i_13,-30.15,0.92,c3,Prosopis glandulosa,PRGL5,PRGL5,Fabaceae,tree,perennial,dicot,yes,legume
2021eco_Harris_i_14,-28.35,0.61,c3,Prosopis glandulosa,PRGL6,PRGL6,Fabaceae,tree,perennial,dicot,yes,legume
2021eco_Harris_p_1a,-12.52,2.87,c4,Cynodon dactylon,CYDA,CYDA,Poaceae,graminoid,perennial,monocot,no,c4_graminoid
2021eco_Harris_p_2a,-13.02,5.85,c4,Cynodon dactylon,CYDA,CYDA,Poaceae,graminoid,perennial,monocot,no,c4_graminoid
2021eco_Harris_p_2b,-30.4,1.05,c3,Oenothera L.,OENOT,OENOT,Onagraceae,forb,annual,dicot,no,c3_forb
2021eco_Harris_p_2c,-12.64,3.86,c4,Sorghum halepense,SOHA,SOHA,Poaceae,graminoid,perennial,monocot,no,c4_graminoid
2021eco_Harris_p_3a,-12.82,4.38,c4,Sorghum halepense,SOHA,SOHA,Poaceae,graminoid,perennial,monocot,no,c4_graminoid
2021eco_Harris_p_3b,-12.51,6.47,c3,Cynodon dactylon,CYDA,CYDA,Poaceae,graminoid,perennial,monocot,no,c3_graminoid
2021eco_Harris_p_3c,-30.02,0.93,c3,Mimosa spp.,MIQU2,MIQU2,Fabaceae,forb,perennial,dicot,yes,legume
2021eco_Harris_p_4a,-12.4,1.17,c4,Sorghum halepense,SOHA,SOHA,Poaceae,graminoid,perennial,monocot,no,c4_graminoid
2021eco_Harris_p_4b,-13.05,2.09,c4,Cynodon dactylon,CYDA,CYDA,Poaceae,graminoid,perennial,monocot,no,c3_graminoid
2021eco_Harris_p_5a,-13.44,5.92,c4,Cynodon dactylon,CYDA,CYDA,Poaceae,graminoid,perennial,monocot,no,c3_graminoid
2021eco_Harri_p_5b,-30.2,-1.45,c3,Mimosa spp.,MIQU2,MIQU2,Fabaceae,forb,perennial,dicot,yes,legume
2021eco_Harris_p_5c,-30.16,-2.1,c3,Rhynchosia americana,RHAM,RHAM,Fabaceae,forb,perennial,dicot,yes,legume
2021eco_Harris_p_5d,-12.39,5.46,c4,Sorghum halepense,SOHA,SOHA,Poaceae,graminoid,perennial,monocot,no,c4_graminoid
2021eco_Hays_i_01,-30.43,7,c3,Solanum elaeagnifolium,SOEL,SOEL,Solanaceae,forb,perennial,dicot,no,c3_forb
2021eco_Hays_i_02,-29.88,4.97,c3,Solanum elaeagnifolium,SOEL,SOEL,Solanaceae,forb,perennial,dicot,no,c3_forb
2021eco_Hays_i_03,-29.79,3.16,c3,Solanum elaeagnifolium,SOEL,SOEL,Solanaceae,forb,perennial,dicot,no,c3_forb
2021eco_Hays_i_04,-30.63,-0.07,c3,Ratibida columnifera,RACO3,RACO3,Asteraceae,forb,perennial,dicot,no,c3_forb
2021eco_Hays_i_05,-30.16,0.63,c3,Ratibida columnifera,RACO3,RACO3,Asteraceae,forb,perennial,dicot,no,c3_forb
2021eco_Hays_i_06,-31.44,0.03,c3,Ratibida columnifera,RACO3,RACO3,Asteraceae,forb,perennial,dicot,no,c3_forb
2021eco_Hays_i_07,-27.86,3.71,c3,Prosopis glandulosa,PRGL7,PRGL7,Fabaceae,tree,perennial,dicot,yes,legume
2021eco_Hays_i_08,-28.34,6.94,c3,Prosopis glandulosa,PRGL8,PRGL8,Fabaceae,tree,perennial,dicot,yes,legume
2021eco_Hays_i_09,-28.09,1.45,c3,Prosopis glandulosa,PRGL9,PRGL9,Fabaceae,tree,perennial,dicot,yes,legume
2021eco_Hays_i_10,-25.99,-0.04,c3,Nassella leucotricha,NALE3,NALE3,Poaceae,graminoid,perennial,monocot,no,c3_graminoid
2021eco_Hays_i_11,-26.75,0.23,c3,Nassella leucotricha,NALE3,NALE3,Poaceae,graminoid,perennial,monocot,no,c3_graminoid
2021eco_Hays_i_12,-26.67,0.87,c3,Nassella leucotricha,NALE3,NALE3,Poaceae,graminoid,perennial,monocot,no,c3_graminoid
2021eco_Hays_i_13,-29.34,1.7,c3,Euphorbia marginata,EUMA8,EUMA8,Euphorbiaceae,forb,annual,dicot,,c3_forb
2021eco_Hays_i_14,-29.69,3.49,c3,Euphorbia marginata,EUMA9,EUMA9,Euphorbiaceae,forb,annual,dicot,,c3_forb
2021eco_Hays_i_15,-29.96,2.62,c3,Euphorbia marginata,EUMA10,EUMA10,Euphorbiaceae,forb,annual,dicot,,c3_forb
2021eco_Kerr_i_01,-29.46,5.44,c3,Solanum elaeagnifolium,SOEL,SOEL,Solanaceae,forb,perennial,dicot,no,c3_forb
2021eco_Kerr_i_02,-29.78,3.96,c3,Solanum elaeagnifolium,SOEL,SOEL,Solanaceae,forb,perennial,dicot,no,c3_forb
2021eco_Kerr_i_03,-30,3.56,c3,Ratibida columnifera,RACO3,RACO3,Asteraceae,forb,perennial,dicot,no,c3_forb
2021eco_Kerr_i_04,-30.65,1.79,c3,Ratibida columnifera,RACO3,RACO3,Asteraceae,forb,perennial,dicot,no,c3_forb
2021eco_Kerr_i_05,-30.52,1.07,c3,Solanum elaeagnifolium,SOEL,SOEL,Solanaceae,forb,perennial,dicot,no,c3_forb
2021eco_Kerr_i_06,-30.86,2.9,c3,Ratibida columnifera,RACO3,RACO3,Asteraceae,forb,perennial,dicot,no,c3_forb
2021eco_Kerr_i_07,-27.79,1.88,c3,Verbesina occidentalis (L.) Walter,VEOC,VEOC,Asteraceae,forb,perennial,dicot,no,c3_forb
2021eco_Kerr_i_08,-28.97,1.62,c3,Verbesina occidentalis (L.) Walter,VEOC,VEOC,Asteraceae,forb,perennial,dicot,no,c3_forb
2021eco_Kerr_i_09,-29.68,1.15,c3,Verbesina occidentalis (L.) Walter,VEOC,VEOC,Asteraceae,forb,perennial,dicot,no,c3_forb
2021eco_Kerr_i_10,-31.43,1.2,c3,Gaillardia pulchella,GAPU,GAPU,Asteraceae,forb,annual,dicot,no,c3_forb
2021eco_Kerr_i_11,-30.62,2.25,c3,Gaillardia pulchella,GAPU,GAPU,Asteraceae,forb,annual,dicot,no,c3_forb
2021eco_Kerr_i_12,-31.92,1.45,c3,Gaillardia pulchella,GAPU,GAPU,Asteraceae,forb,annual,dicot,no,c3_forb
2021eco_Kerr_i_13,-27.89,1.44,c3,Asclepias syriaca,ASSY,ASSY,Asclepiadaceae,forb,perennial,dicot,no,c3_forb
2021eco_Kerr_i_14,-28.18,0.61,c3,Asclepias syriaca,ASSY,ASSY,Asclepiadaceae,forb,perennial,dicot,no,c3_forb
2021eco_Kerr_i_15,-28.16,0.44,c3,Asclepias syriaca,ASSY,ASSY,Asclepiadaceae,forb,perennial,dicot,no,c3_forb
2021eco_Uvalde_i_01,-27.99,2.43,c3,Ruellia nudiflora,RUNU,RUNU,Acanthaceae,forb,perennial,dicot,no,c3_forb
2021eco_Uvalde_i_02,-27.85,3.64,c3,Ruellia nudiflora,RUNU,RUNU,Acanthaceae,forb,perennial,dicot,no,c3_forb
2021eco_Uvalde_i_03,-28.1,3.32,c3,Ruellia nudiflora,RUNU,RUNU,Acanthaceae,forb,perennial,dicot,no,c3_forb
2021eco_Uvalde_i_04,-14.09,1.57,c4,Panicum virgatum L.,PAVI2,PAVI2,Poaceae,graminoid,perennial,monocot,no,c4_graminoid
2021eco_Uvalde_i_05,-13.88,1.18,c4,Panicum virgatum L.,PAVI2,PAVI2,Poaceae,graminoid,perennial,monocot,no,c4_graminoid
2021eco_Uvalde_i_06,-13.58,0.87,c4,Panicum virgatum L.,PAVI2,PAVI2,Poaceae,graminoid,perennial,monocot,no,c4_graminoid
2021eco_Uvalde_i_07,-28.92,0.36,c3,Diospyros texana,DITE6,DITE6,Ebenaceae,tree,perennial,dicot,no,c3_tree
2021eco_Uvalde_i_08,-27.39,-1.05,c3,Diospyros texana,DITE7,DITE7,Ebenaceae,tree,perennial,dicot,no,c3_tree
2021eco_Uvalde_i_09,-26.85,-0.5,c3,Diospyros texana,DITE8,DITE8,Ebenaceae,tree,perennial,dicot,no,c3_tree
2021eco_Uvalde_i_10,-30.21,4.15,c3,Ambrosia psilostachya,AMPS,AMPS,Asteraceae,forb,perennial,dicot,no,c3_forb
2021eco_Uvalde_i_11,-30.05,2.8,c3,Ambrosia psilostachya,AMPS,AMPS,Asteraceae,forb,perennial,dicot,no,c3_forb
2021eco_Uvalde_i_12,-28.93,2.86,c3,Ambrosia psilostachya,AMPS,AMPS,Asteraceae,forb,perennial,dicot,no,c3_forb
2021eco_Uvalde_i_13,-26.53,3.27,c3,Solanum elaeagnifolium,SOEL,SOEL,Solanaceae,forb,perennial,dicot,no,c3_forb
2021eco_Uvalde_i_14,-27.63,4.43,c3,Solanum elaeagnifolium,SOEL,SOEL,Solanaceae,forb,perennial,dicot,no,c3_forb
2021eco_Uvalde_i_15,-28.42,3.08,c3,Solanum elaeagnifolium,SOEL,SOEL,Solanaceae,forb,perennial,dicot,no,c3_forb
2021eco_Uvalde_i_16,,,c3,Salvia farinacea,SAFA2,SAFA2,Lamaceae,forb,perennial,dicot,no,c3_forb
2021eco_Uvalde_i_17,,,c3,Salvia farinacea,SAFA2,SAFA2,Lamaceae,forb,perennial,dicot,no,c3_forb
2021eco_Uvalde_i_18,,,c3,Salvia farinacea,SAFA2,SAFA2,Lamaceae,forb,perennial,dicot,no,c3_forb
2021eco_Uvalde_p_1a,-30.16,0.62,c3,Croton glandulosus,CRGLL,CRGLL,Euphorbiaceae,forb,annual,dicot,,c3_forb
2021eco_Uvalde_p_1b,-29.35,4.03,c3,Ruellia nudiflora,RUNU,RUNU,Acanthaceae,forb,perennial,dicot,no,c3_forb
2021eco_Uvalde_p_1c,-13.75,1.49,c4,Panicum virgatum L.,PAVI2,PAVI2,Poaceae,graminoid,perennial,monocot,no,c4_graminoid
2021eco_Uvalde_p_2a,-14.96,1.24,c4,Panicum virgatum L.,PAVI2,PAVI2,Poaceae,graminoid,perennial,monocot,no,c4_graminoid
2021eco_Uvalde_p_2b,-29.52,0.8,c3,Croton glandulosus,CRGLL,CRGLL,Euphorbiaceae,forb,annual,dicot,,c3_forb
2021eco_Uvalde_p_2c,-28.86,3.94,c3,Ruellia nudiflora,RUNU,RUNU,Acanthaceae,forb,perennial,dicot,no,c3_forb
2021eco_Uvalde_p_3a,-30.07,0.36,c3,Croton glandulosus,CRGLL,CRGLL,Euphorbiaceae,forb,annual,dicot,,c3_forb
2021eco_Uvalde_p_3b,-26.62,1.29,c3,Lolium perenne,LOPE,LOPE,Poaceae,graminoid,perennial,monocot,no,c3_graminoid
2021eco_Uvalde_p_3c,-28.7,5.37,c3,Ruellia nudiflora,RUNU,RUNU,Acanthaceae,forb,perennial,dicot,no,c3_forb
2021eco_Uvalde_p_4a,-23.42,1.51,c3,Lolium perenne,LOPE,LOPE,Poaceae,graminoid,perennial,monocot,no,c3_graminoid
2021eco_Uvalde_p_4b,-30.68,0.7,c3,Croton glandulosus,CRGLL,CRGLL,Euphorbiaceae,forb,annual,dicot,,c3_forb
2021eco_Uvalde_p_4c,-30.05,2.35,c3,Ruellia nudiflora,RUNU,RUNU,Acanthaceae,forb,perennial,dicot,no,c3_forb
2021eco_Uvalde_p_5a,-15.06,1.4,c4,Panicum virgatum L.,PAVI2,PAVI2,Poaceae,graminoid,perennial,monocot,no,c4_graminoid
2021eco_Uvalde_p_5b,-31.15,0.05,c3,Croton glandulosus,CRGLL,CRGLL,Euphorbiaceae,forb,annual,dicot,,c3_forb
2021eco_Uvalde_p_5c,,,c3,Lolium perenne,LOPE,LOPE,Poaceae,graminoid,perennial,monocot,no,c3_graminoid
2021eco_Washington_i_01,-13,-2.47,c4,Sorghum halepense,SOHA,SOHA,Poaceae,graminoid,perennial,monocot,no,c4_graminoid
2021eco_Washington_i_02,-12.88,-2.29,c4,Sorghum halepense,SOHA,SOHA,Poaceae,graminoid,perennial,monocot,no,c4_graminoid
2021eco_Washington_i_03,-15.91,1.07,c4,Sorghum halepense,SOHA,SOHA,Poaceae,graminoid,perennial,monocot,no,c4_graminoid
2021eco_Washington_i_04,-30.63,-2.33,c3,Engelmannia peristenia,ENPE4,ENPE4,Asteraceae,forb,perennial,dicot,no,c3_forb
2021eco_Washington_i_05,-31.04,-1.85,c3,Engelmannia peristenia,ENPE5,ENPE5,Asteraceae,forb,perennial,dicot,no,c3_forb
2021eco_Washington_i_06,-30.5,-3.16,c3,Engelmannia peristenia,ENPE6,ENPE6,Asteraceae,forb,perennial,dicot,no,c3_forb
2021eco_Washington_i_07,-28.72,-2.72,c3,Asclepias syriaca,ASSY,ASSY,Asclepiadaceae,forb,perennial,dicot,no,c3_forb
2021eco_Washington_i_08,-29.58,-1.14,c3,Asclepias syriaca,ASSY,ASSY,Asclepiadaceae,forb,perennial,dicot,no,c3_forb
2021eco_Washington_i_09,-29.64,0.14,c3,Asclepias syriaca,ASSY,ASSY,Asclepiadaceae,forb,perennial,dicot,no,c3_forb
2021eco_Washington_i_10,-30.38,-0.63,c3,Acaciella angustissima,ACAN11,ACAN11,Fabaceae,forb,perennial,dicot,yes,legume
2021eco_Washington_i_11,-31.62,-1.53,c3,Acaciella angustissima,ACAN12,ACAN12,Fabaceae,forb,perennial,dicot,yes,legume
2021eco_Washington_i_12,-30.22,-1.55,c3,Acaciella angustissima,ACAN13,ACAN13,Fabaceae,forb,perennial,dicot,yes,legume
2021eco_Washington_i_13,-28.65,-3.08,c3,Ruellia nudiflora,RUNU,RUNU,Acanthaceae,forb,perennial,dicot,no,c3_forb
2021eco_Washington_i_14,-30.33,-2.6,c3,Ruellia nudiflora,RUNU,RUNU,Acanthaceae,forb,perennial,dicot,no,c3_forb
2021eco_Washington_i_15,-29.98,-3.63,c3,Ruellia nudiflora,RUNU,RUNU,Acanthaceae,forb,perennial,dicot,no,c3_forb